Participant ID,Video file,Gloss,ASL-LEX Code
P1,0_7809503445047001-BREAKFAST.mp4,BREAKFAST1,J_01_053
P1,1_7809503445047001-BREAKFAST.mp4,BREAKFAST1,J_01_053
P1,2_7809503445047001-BREAKFAST.mp4,BREAKFAST1,J_01_053
P1,3_7809503445047001-BREAKFAST.mp4,BREAKFAST1,J_01_053
P1,4_7809503445047001-BREAKFAST.mp4,BREAKFAST1,J_01_053
P1,0_49288220098651747-DOG.mp4,DOG1,A_01_056
P1,1_49288220098651747-DOG.mp4,DOG1,A_01_056
P1,2_49288220098651747-DOG.mp4,DOG1,A_01_056
P1,3_49288220098651747-DOG.mp4,DOG1,A_01_056
P1,4_49288220098651747-DOG.mp4,DOG1,A_01_056
P40,0_13959766874483237-BREAKFAST.mp4,BREAKFAST1,J_01_053
P40,1_13959766874483237-BREAKFAST.mp4,BREAKFAST1,J_01_053
P40,2_13959766874483237-BREAKFAST.mp4,BREAKFAST1,J_01_053
P40,3_13959766874483237-BREAKFAST.mp4,BREAKFAST1,J_01_053
P40,4_13959766874483237-BREAKFAST.mp4,BREAKFAST1,J_01_053
P40,0_11432147423106453-DOG.mp4,DOG1,A_01_056
P40,1_11432147423106453-DOG.mp4,DOG1,A_01_056
P40,2_11432147423106453-DOG.mp4,DOG1,A_01_056
P40,3_11432147423106453-DOG.mp4,DOG1,A_01_056
P40,4_11432147423106453-DOG.mp4,DOG1,A_01_056
P40,0_0525121513125173-DARK.mp4,DARK1,J_03_094
P40,1_0525121513125173-DARK.mp4,DARK1,J_03_094
P40,2_0525121513125173-DARK.mp4,DARK1,J_03_094
P40,3_0525121513125173-DARK.mp4,DARK1,J_03_094
P40,4_0525121513125173-DARK.mp4,DARK1,J_03_094
P40,0_2889534487412355-DEMAND.mp4,DEMAND1,D_03_080
P40,1_2889534487412355-DEMAND.mp4,DEMAND1,D_03_080
P40,2_2889534487412355-DEMAND.mp4,DEMAND1,D_03_080
P40,3_2889534487412355-DEMAND.mp4,DEMAND1,D_03_080
P40,4_2889534487412355-DEMAND.mp4,DEMAND1,D_03_080
P40,0_05804557658914389-HURDLE-TRIP.mp4,HURDLE/TRIP1,G_01_036
P40,1_05804557658914389-HURDLE-TRIP.mp4,HURDLE/TRIP1,G_01_036
P40,2_05804557658914389-HURDLE-TRIP.mp4,HURDLE/TRIP1,G_01_036
P40,3_05804557658914389-HURDLE-TRIP.mp4,HURDLE/TRIP1,G_01_036
P40,4_05804557658914389-HURDLE-TRIP.mp4,HURDLE/TRIP1,G_01_036
P43,0_12841038226728507-BREAKFAST.mp4,BREAKFAST1,J_01_053
P43,1_12841038226728507-BREAKFAST.mp4,BREAKFAST1,J_01_053
P43,2_12841038226728507-BREAKFAST.mp4,BREAKFAST1,J_01_053
P43,3_12841038226728507-BREAKFAST.mp4,BREAKFAST1,J_01_053
P43,4_12841038226728507-BREAKFAST.mp4,BREAKFAST1,J_01_053
P43,0_17777316675017052-DOG.mp4,DOG1,A_01_056
P43,1_17777316675017052-DOG.mp4,DOG1,A_01_056
P43,2_17777316675017052-DOG.mp4,DOG1,A_01_056
P43,3_17777316675017052-DOG.mp4,DOG1,A_01_056
P43,4_17777316675017052-DOG.mp4,DOG1,A_01_056
P43,0_26439420589592477-DARK.mp4,DARK1,J_03_094
P43,1_26439420589592477-DARK.mp4,DARK1,J_03_094
P43,2_26439420589592477-DARK.mp4,DARK1,J_03_094
P43,3_26439420589592477-DARK.mp4,DARK1,J_03_094
P43,4_26439420589592477-DARK.mp4,DARK1,J_03_094
P40,0_6445331634562388-WHAT FOR.mp4,WHATFOR1,C_02_054
P40,1_6445331634562388-WHAT FOR.mp4,WHATFOR1,C_02_054
P40,2_6445331634562388-WHAT FOR.mp4,WHATFOR1,C_02_054
P40,3_6445331634562388-WHAT FOR.mp4,WHATFOR1,C_02_054
P40,4_6445331634562388-WHAT FOR.mp4,WHATFOR1,C_02_054
P43,0_21726284787567063-DEMAND.mp4,DEMAND1,D_03_080
P43,1_21726284787567063-DEMAND.mp4,DEMAND1,D_03_080
P43,2_21726284787567063-DEMAND.mp4,DEMAND1,D_03_080
P43,3_21726284787567063-DEMAND.mp4,DEMAND1,D_03_080
P43,4_21726284787567063-DEMAND.mp4,DEMAND1,D_03_080
P40,0_08003931001097664-DECIDE.mp4,DECIDE1,B_02_074
P40,1_08003931001097664-DECIDE.mp4,DECIDE1,B_02_074
P40,2_08003931001097664-DECIDE.mp4,DECIDE1,B_02_074
P40,3_08003931001097664-DECIDE.mp4,DECIDE1,B_02_074
P40,4_08003931001097664-DECIDE.mp4,DECIDE1,B_02_074
P40,0_9636912643721647-BREAKFAST.mp4,BREAKFAST1,J_01_053
P40,1_9636912643721647-BREAKFAST.mp4,BREAKFAST1,J_01_053
P40,2_9636912643721647-BREAKFAST.mp4,BREAKFAST1,J_01_053
P40,3_9636912643721647-BREAKFAST.mp4,BREAKFAST1,J_01_053
P40,4_9636912643721647-BREAKFAST.mp4,BREAKFAST1,J_01_053
P40,0_49801930250928317-DOG.mp4,DOG1,A_01_056
P40,1_49801930250928317-DOG.mp4,DOG1,A_01_056
P40,2_49801930250928317-DOG.mp4,DOG1,A_01_056
P40,3_49801930250928317-DOG.mp4,DOG1,A_01_056
P40,4_49801930250928317-DOG.mp4,DOG1,A_01_056
P40,0_971053005591326-BITE.mp4,BITE1,K_02_045
P40,1_971053005591326-BITE.mp4,BITE1,K_02_045
P40,2_971053005591326-BITE.mp4,BITE1,K_02_045
P40,3_971053005591326-BITE.mp4,BITE1,K_02_045
P40,4_971053005591326-BITE.mp4,BITE1,K_02_045
P40,0_5953206950175787-MECHANIC.mp4,MECHANIC1,A_03_030
P40,1_5953206950175787-MECHANIC.mp4,MECHANIC1,A_03_030
P40,2_5953206950175787-MECHANIC.mp4,MECHANIC1,A_03_030
P40,3_5953206950175787-MECHANIC.mp4,MECHANIC1,A_03_030
P40,4_5953206950175787-MECHANIC.mp4,MECHANIC1,A_03_030
P40,0_5142300236527306-DARK.mp4,DARK1,J_03_094
P40,1_5142300236527306-DARK.mp4,DARK1,J_03_094
P40,2_5142300236527306-DARK.mp4,DARK1,J_03_094
P40,3_5142300236527306-DARK.mp4,DARK1,J_03_094
P40,4_5142300236527306-DARK.mp4,DARK1,J_03_094
P40,0_9429370203576863-PARTY.mp4,PARTY1,G_02_059
P40,1_9429370203576863-PARTY.mp4,PARTY1,G_02_059
P40,2_9429370203576863-PARTY.mp4,PARTY1,G_02_059
P40,3_9429370203576863-PARTY.mp4,PARTY1,G_02_059
P40,4_9429370203576863-PARTY.mp4,PARTY1,G_02_059
P40,0_44818013490597974-BITE.mp4,BITE1,K_02_045
P40,1_44818013490597974-BITE.mp4,BITE1,K_02_045
P40,2_44818013490597974-BITE.mp4,BITE1,K_02_045
P40,3_44818013490597974-BITE.mp4,BITE1,K_02_045
P40,4_44818013490597974-BITE.mp4,BITE1,K_02_045
P43,0_5302538849206411-HURDLE-TRIP.mp4,HURDLE/TRIP1,G_01_036
P43,1_5302538849206411-HURDLE-TRIP.mp4,HURDLE/TRIP1,G_01_036
P43,2_5302538849206411-HURDLE-TRIP.mp4,HURDLE/TRIP1,G_01_036
P43,3_5302538849206411-HURDLE-TRIP.mp4,HURDLE/TRIP1,G_01_036
P43,4_5302538849206411-HURDLE-TRIP.mp4,HURDLE/TRIP1,G_01_036
P43,0_0154551425577234-WHAT FOR.mp4,WHATFOR1,C_02_054
P43,1_0154551425577234-WHAT FOR.mp4,WHATFOR1,C_02_054
P43,2_0154551425577234-WHAT FOR.mp4,WHATFOR1,C_02_054
P43,3_0154551425577234-WHAT FOR.mp4,WHATFOR1,C_02_054
P43,4_0154551425577234-WHAT FOR.mp4,WHATFOR1,C_02_054
P40,0_5268072837528903-WHAT FOR.mp4,WHATFOR1,C_02_054
P40,1_5268072837528903-WHAT FOR.mp4,WHATFOR1,C_02_054
P40,2_5268072837528903-WHAT FOR.mp4,WHATFOR1,C_02_054
P40,3_5268072837528903-WHAT FOR.mp4,WHATFOR1,C_02_054
P40,4_5268072837528903-WHAT FOR.mp4,WHATFOR1,C_02_054
P40,0_8566463345061712-DOG.mp4,DOG1,A_01_056
P40,1_8566463345061712-DOG.mp4,DOG1,A_01_056
P40,2_8566463345061712-DOG.mp4,DOG1,A_01_056
P40,3_8566463345061712-DOG.mp4,DOG1,A_01_056
P40,4_8566463345061712-DOG.mp4,DOG1,A_01_056
P40,0_5701936378006789-MECHANIC.mp4,MECHANIC1,A_03_030
P40,1_5701936378006789-MECHANIC.mp4,MECHANIC1,A_03_030
P40,2_5701936378006789-MECHANIC.mp4,MECHANIC1,A_03_030
P40,3_5701936378006789-MECHANIC.mp4,MECHANIC1,A_03_030
P40,4_5701936378006789-MECHANIC.mp4,MECHANIC1,A_03_030
P40,0_5201167247227318-DECIDE.mp4,DECIDE1,B_02_074
P40,1_5201167247227318-DECIDE.mp4,DECIDE1,B_02_074
P40,2_5201167247227318-DECIDE.mp4,DECIDE1,B_02_074
P40,3_5201167247227318-DECIDE.mp4,DECIDE1,B_02_074
P40,4_5201167247227318-DECIDE.mp4,DECIDE1,B_02_074
P40,0_2659454950769071-DEMAND.mp4,DEMAND1,D_03_080
P40,1_2659454950769071-DEMAND.mp4,DEMAND1,D_03_080
P40,2_2659454950769071-DEMAND.mp4,DEMAND1,D_03_080
P40,3_2659454950769071-DEMAND.mp4,DEMAND1,D_03_080
P40,4_2659454950769071-DEMAND.mp4,DEMAND1,D_03_080
P40,0_6219112771870119-HURDLE-TRIP.mp4,HURDLE/TRIP1,G_01_036
P40,1_6219112771870119-HURDLE-TRIP.mp4,HURDLE/TRIP1,G_01_036
P40,2_6219112771870119-HURDLE-TRIP.mp4,HURDLE/TRIP1,G_01_036
P40,3_6219112771870119-HURDLE-TRIP.mp4,HURDLE/TRIP1,G_01_036
P40,4_6219112771870119-HURDLE-TRIP.mp4,HURDLE/TRIP1,G_01_036
P40,0_2219395244374549-PARTY.mp4,PARTY1,G_02_059
P40,1_2219395244374549-PARTY.mp4,PARTY1,G_02_059
P40,2_2219395244374549-PARTY.mp4,PARTY1,G_02_059
P40,3_2219395244374549-PARTY.mp4,PARTY1,G_02_059
P40,4_2219395244374549-PARTY.mp4,PARTY1,G_02_059
P40,0_6363286086951516-WHAT FOR.mp4,WHATFOR1,C_02_054
P40,1_6363286086951516-WHAT FOR.mp4,WHATFOR1,C_02_054
P40,2_6363286086951516-WHAT FOR.mp4,WHATFOR1,C_02_054
P40,3_6363286086951516-WHAT FOR.mp4,WHATFOR1,C_02_054
P40,4_6363286086951516-WHAT FOR.mp4,WHATFOR1,C_02_054
P14,0_8118012997438901-DECIDE.mp4,DECIDE1,B_02_074
P14,1_8118012997438901-DECIDE.mp4,DECIDE1,B_02_074
P14,2_8118012997438901-DECIDE.mp4,DECIDE1,B_02_074
P14,3_8118012997438901-DECIDE.mp4,DECIDE1,B_02_074
P14,4_8118012997438901-DECIDE.mp4,DECIDE1,B_02_074
P14,0_3253364009512456-BREAKFAST.mp4,BREAKFAST1,J_01_053
P14,1_3253364009512456-BREAKFAST.mp4,BREAKFAST1,J_01_053
P14,2_3253364009512456-BREAKFAST.mp4,BREAKFAST1,J_01_053
P14,3_3253364009512456-BREAKFAST.mp4,BREAKFAST1,J_01_053
P14,4_3253364009512456-BREAKFAST.mp4,BREAKFAST1,J_01_053
P40,0_2464053408649325-DECIDE.mp4,DECIDE1,B_02_074
P40,1_2464053408649325-DECIDE.mp4,DECIDE1,B_02_074
P40,2_2464053408649325-DECIDE.mp4,DECIDE1,B_02_074
P40,3_2464053408649325-DECIDE.mp4,DECIDE1,B_02_074
P40,4_2464053408649325-DECIDE.mp4,DECIDE1,B_02_074
P40,0_23598266126803202-BREAKFAST.mp4,BREAKFAST1,J_01_053
P40,1_23598266126803202-BREAKFAST.mp4,BREAKFAST1,J_01_053
P40,2_23598266126803202-BREAKFAST.mp4,BREAKFAST1,J_01_053
P40,3_23598266126803202-BREAKFAST.mp4,BREAKFAST1,J_01_053
P40,4_23598266126803202-BREAKFAST.mp4,BREAKFAST1,J_01_053
P40,0_5592729674908328-DOG.mp4,DOG1,A_01_056
P40,1_5592729674908328-DOG.mp4,DOG1,A_01_056
P40,2_5592729674908328-DOG.mp4,DOG1,A_01_056
P40,3_5592729674908328-DOG.mp4,DOG1,A_01_056
P40,4_5592729674908328-DOG.mp4,DOG1,A_01_056
P40,0_9595255203933857-BITE.mp4,BITE1,K_02_045
P40,1_9595255203933857-BITE.mp4,BITE1,K_02_045
P40,2_9595255203933857-BITE.mp4,BITE1,K_02_045
P40,3_9595255203933857-BITE.mp4,BITE1,K_02_045
P40,4_9595255203933857-BITE.mp4,BITE1,K_02_045
P40,0_6748150903389767-MECHANIC.mp4,MECHANIC1,A_03_030
P40,1_6748150903389767-MECHANIC.mp4,MECHANIC1,A_03_030
P40,2_6748150903389767-MECHANIC.mp4,MECHANIC1,A_03_030
P40,3_6748150903389767-MECHANIC.mp4,MECHANIC1,A_03_030
P40,4_6748150903389767-MECHANIC.mp4,MECHANIC1,A_03_030
P40,0_12613067091418184-DARK.mp4,DARK1,J_03_094
P40,1_12613067091418184-DARK.mp4,DARK1,J_03_094
P40,2_12613067091418184-DARK.mp4,DARK1,J_03_094
P40,3_12613067091418184-DARK.mp4,DARK1,J_03_094
P40,4_12613067091418184-DARK.mp4,DARK1,J_03_094
P40,0_880350293979757-PARTY.mp4,PARTY1,G_02_059
P40,1_880350293979757-PARTY.mp4,PARTY1,G_02_059
P40,2_880350293979757-PARTY.mp4,PARTY1,G_02_059
P40,3_880350293979757-PARTY.mp4,PARTY1,G_02_059
P40,4_880350293979757-PARTY.mp4,PARTY1,G_02_059
P37,0_06960268077531429-DOG.mp4,DOG1,A_01_056
P37,1_06960268077531429-DOG.mp4,DOG1,A_01_056
P37,2_06960268077531429-DOG.mp4,DOG1,A_01_056
P37,3_06960268077531429-DOG.mp4,DOG1,A_01_056
P37,4_06960268077531429-DOG.mp4,DOG1,A_01_056
P37,0_665146404453939-BITE.mp4,BITE1,K_02_045
P37,1_665146404453939-BITE.mp4,BITE1,K_02_045
P37,2_665146404453939-BITE.mp4,BITE1,K_02_045
P37,3_665146404453939-BITE.mp4,BITE1,K_02_045
P37,4_665146404453939-BITE.mp4,BITE1,K_02_045
P37,0_8559840912696828-MECHANIC.mp4,MECHANIC1,A_03_030
P37,1_8559840912696828-MECHANIC.mp4,MECHANIC1,A_03_030
P37,2_8559840912696828-MECHANIC.mp4,MECHANIC1,A_03_030
P37,3_8559840912696828-MECHANIC.mp4,MECHANIC1,A_03_030
P37,4_8559840912696828-MECHANIC.mp4,MECHANIC1,A_03_030
P37,0_10722954174527533-DARK.mp4,DARK1,J_03_094
P37,1_10722954174527533-DARK.mp4,DARK1,J_03_094
P37,2_10722954174527533-DARK.mp4,DARK1,J_03_094
P37,3_10722954174527533-DARK.mp4,DARK1,J_03_094
P37,4_10722954174527533-DARK.mp4,DARK1,J_03_094
P37,0_9047865551380374-PARTY.mp4,PARTY1,G_02_059
P37,1_9047865551380374-PARTY.mp4,PARTY1,G_02_059
P37,2_9047865551380374-PARTY.mp4,PARTY1,G_02_059
P37,3_9047865551380374-PARTY.mp4,PARTY1,G_02_059
P37,4_9047865551380374-PARTY.mp4,PARTY1,G_02_059
P37,0_6392685968074112-BITE.mp4,BITE1,K_02_045
P37,1_6392685968074112-BITE.mp4,BITE1,K_02_045
P37,2_6392685968074112-BITE.mp4,BITE1,K_02_045
P37,3_6392685968074112-BITE.mp4,BITE1,K_02_045
P37,4_6392685968074112-BITE.mp4,BITE1,K_02_045
P37,0_8639087490010726-WHAT FOR.mp4,WHATFOR1,C_02_054
P37,1_8639087490010726-WHAT FOR.mp4,WHATFOR1,C_02_054
P37,2_8639087490010726-WHAT FOR.mp4,WHATFOR1,C_02_054
P37,3_8639087490010726-WHAT FOR.mp4,WHATFOR1,C_02_054
P37,4_8639087490010726-WHAT FOR.mp4,WHATFOR1,C_02_054
P37,0_8742773141210243-DOG.mp4,DOG1,A_01_056
P37,1_8742773141210243-DOG.mp4,DOG1,A_01_056
P37,2_8742773141210243-DOG.mp4,DOG1,A_01_056
P37,3_8742773141210243-DOG.mp4,DOG1,A_01_056
P37,4_8742773141210243-DOG.mp4,DOG1,A_01_056
P37,0_4451754011272593-MECHANIC.mp4,MECHANIC1,A_03_030
P37,1_4451754011272593-MECHANIC.mp4,MECHANIC1,A_03_030
P37,2_4451754011272593-MECHANIC.mp4,MECHANIC1,A_03_030
P37,3_4451754011272593-MECHANIC.mp4,MECHANIC1,A_03_030
P37,4_4451754011272593-MECHANIC.mp4,MECHANIC1,A_03_030
P37,0_3134439061460399-DECIDE.mp4,DECIDE1,B_02_074
P37,1_3134439061460399-DECIDE.mp4,DECIDE1,B_02_074
P37,2_3134439061460399-DECIDE.mp4,DECIDE1,B_02_074
P37,3_3134439061460399-DECIDE.mp4,DECIDE1,B_02_074
P37,4_3134439061460399-DECIDE.mp4,DECIDE1,B_02_074
P37,0_9409105345475277-DEMAND.mp4,DEMAND1,D_03_080
P37,1_9409105345475277-DEMAND.mp4,DEMAND1,D_03_080
P37,2_9409105345475277-DEMAND.mp4,DEMAND1,D_03_080
P37,3_9409105345475277-DEMAND.mp4,DEMAND1,D_03_080
P37,4_9409105345475277-DEMAND.mp4,DEMAND1,D_03_080
P37,0_717226063042893-HURDLE-TRIP.mp4,HURDLE/TRIP1,G_01_036
P37,1_717226063042893-HURDLE-TRIP.mp4,HURDLE/TRIP1,G_01_036
P37,2_717226063042893-HURDLE-TRIP.mp4,HURDLE/TRIP1,G_01_036
P37,3_717226063042893-HURDLE-TRIP.mp4,HURDLE/TRIP1,G_01_036
P37,4_717226063042893-HURDLE-TRIP.mp4,HURDLE/TRIP1,G_01_036
P37,0_49302512158389566-PARTY.mp4,PARTY1,G_02_059
P37,1_49302512158389566-PARTY.mp4,PARTY1,G_02_059
P37,2_49302512158389566-PARTY.mp4,PARTY1,G_02_059
P37,3_49302512158389566-PARTY.mp4,PARTY1,G_02_059
P37,4_49302512158389566-PARTY.mp4,PARTY1,G_02_059
P37,0_7511137065965892-BREAKFAST.mp4,BREAKFAST1,J_01_053
P37,1_7511137065965892-BREAKFAST.mp4,BREAKFAST1,J_01_053
P37,2_7511137065965892-BREAKFAST.mp4,BREAKFAST1,J_01_053
P37,3_7511137065965892-BREAKFAST.mp4,BREAKFAST1,J_01_053
P37,4_7511137065965892-BREAKFAST.mp4,BREAKFAST1,J_01_053
P37,0_8615822021106332-DOG.mp4,DOG1,A_01_056
P37,1_8615822021106332-DOG.mp4,DOG1,A_01_056
P37,2_8615822021106332-DOG.mp4,DOG1,A_01_056
P37,3_8615822021106332-DOG.mp4,DOG1,A_01_056
P37,4_8615822021106332-DOG.mp4,DOG1,A_01_056
P37,0_5156194365351785-DARK.mp4,DARK1,J_03_094
P37,1_5156194365351785-DARK.mp4,DARK1,J_03_094
P37,2_5156194365351785-DARK.mp4,DARK1,J_03_094
P37,3_5156194365351785-DARK.mp4,DARK1,J_03_094
P37,4_5156194365351785-DARK.mp4,DARK1,J_03_094
P37,0_8013864241285453-DEMAND.mp4,DEMAND1,D_03_080
P37,1_8013864241285453-DEMAND.mp4,DEMAND1,D_03_080
P37,2_8013864241285453-DEMAND.mp4,DEMAND1,D_03_080
P37,3_8013864241285453-DEMAND.mp4,DEMAND1,D_03_080
P37,4_8013864241285453-DEMAND.mp4,DEMAND1,D_03_080
P34,0_21452718054280906-BITE.mp4,BITE1,K_02_045
P34,1_21452718054280906-BITE.mp4,BITE1,K_02_045
P34,2_21452718054280906-BITE.mp4,BITE1,K_02_045
P34,3_21452718054280906-BITE.mp4,BITE1,K_02_045
P34,4_21452718054280906-BITE.mp4,BITE1,K_02_045
P7,0_01789094394246238-WHAT FOR.mp4,WHATFOR1,C_02_054
P7,1_01789094394246238-WHAT FOR.mp4,WHATFOR1,C_02_054
P7,2_01789094394246238-WHAT FOR.mp4,WHATFOR1,C_02_054
P7,3_01789094394246238-WHAT FOR.mp4,WHATFOR1,C_02_054
P7,4_01789094394246238-WHAT FOR.mp4,WHATFOR1,C_02_054
P7,0_7283627553506011-MECHANIC.mp4,MECHANIC1,A_03_030
P7,1_7283627553506011-MECHANIC.mp4,MECHANIC1,A_03_030
P7,2_7283627553506011-MECHANIC.mp4,MECHANIC1,A_03_030
P7,3_7283627553506011-MECHANIC.mp4,MECHANIC1,A_03_030
P7,4_7283627553506011-MECHANIC.mp4,MECHANIC1,A_03_030
P7,0_49337666671535385-DECIDE.mp4,DECIDE1,B_02_074
P7,1_49337666671535385-DECIDE.mp4,DECIDE1,B_02_074
P7,2_49337666671535385-DECIDE.mp4,DECIDE1,B_02_074
P7,3_49337666671535385-DECIDE.mp4,DECIDE1,B_02_074
P7,4_49337666671535385-DECIDE.mp4,DECIDE1,B_02_074
P37,0_16185522171162914-WHAT FOR.mp4,WHATFOR1,C_02_054
P37,1_16185522171162914-WHAT FOR.mp4,WHATFOR1,C_02_054
P37,2_16185522171162914-WHAT FOR.mp4,WHATFOR1,C_02_054
P37,3_16185522171162914-WHAT FOR.mp4,WHATFOR1,C_02_054
P37,4_16185522171162914-WHAT FOR.mp4,WHATFOR1,C_02_054
P37,0_6494254793022431-HURDLE-TRIP.mp4,HURDLE/TRIP1,G_01_036
P37,1_6494254793022431-HURDLE-TRIP.mp4,HURDLE/TRIP1,G_01_036
P37,2_6494254793022431-HURDLE-TRIP.mp4,HURDLE/TRIP1,G_01_036
P37,3_6494254793022431-HURDLE-TRIP.mp4,HURDLE/TRIP1,G_01_036
P37,4_6494254793022431-HURDLE-TRIP.mp4,HURDLE/TRIP1,G_01_036
P37,0_6237575353180616-WHAT FOR.mp4,WHATFOR1,C_02_054
P37,1_6237575353180616-WHAT FOR.mp4,WHATFOR1,C_02_054
P37,2_6237575353180616-WHAT FOR.mp4,WHATFOR1,C_02_054
P37,3_6237575353180616-WHAT FOR.mp4,WHATFOR1,C_02_054
P37,4_6237575353180616-WHAT FOR.mp4,WHATFOR1,C_02_054
P51,0_4642599331163948-WHAT FOR.mp4,WHATFOR1,C_02_054
P51,1_4642599331163948-WHAT FOR.mp4,WHATFOR1,C_02_054
P51,2_4642599331163948-WHAT FOR.mp4,WHATFOR1,C_02_054
P51,3_4642599331163948-WHAT FOR.mp4,WHATFOR1,C_02_054
P51,4_4642599331163948-WHAT FOR.mp4,WHATFOR1,C_02_054
P51,0_5209376155397227-MECHANIC.mp4,MECHANIC1,A_03_030
P51,1_5209376155397227-MECHANIC.mp4,MECHANIC1,A_03_030
P51,2_5209376155397227-MECHANIC.mp4,MECHANIC1,A_03_030
P51,3_5209376155397227-MECHANIC.mp4,MECHANIC1,A_03_030
P51,4_5209376155397227-MECHANIC.mp4,MECHANIC1,A_03_030
P7,0_7896700330944251-DEMAND.mp4,DEMAND1,D_03_080
P7,1_7896700330944251-DEMAND.mp4,DEMAND1,D_03_080
P7,2_7896700330944251-DEMAND.mp4,DEMAND1,D_03_080
P7,3_7896700330944251-DEMAND.mp4,DEMAND1,D_03_080
P7,4_7896700330944251-DEMAND.mp4,DEMAND1,D_03_080
P7,0_03913027306941852-DECIDE.mp4,DECIDE1,B_02_074
P7,1_03913027306941852-DECIDE.mp4,DECIDE1,B_02_074
P7,2_03913027306941852-DECIDE.mp4,DECIDE1,B_02_074
P7,3_03913027306941852-DECIDE.mp4,DECIDE1,B_02_074
P7,4_03913027306941852-DECIDE.mp4,DECIDE1,B_02_074
P7,0_8518237171580363-BREAKFAST.mp4,BREAKFAST1,J_01_053
P7,1_8518237171580363-BREAKFAST.mp4,BREAKFAST1,J_01_053
P7,2_8518237171580363-BREAKFAST.mp4,BREAKFAST1,J_01_053
P7,3_8518237171580363-BREAKFAST.mp4,BREAKFAST1,J_01_053
P7,4_8518237171580363-BREAKFAST.mp4,BREAKFAST1,J_01_053
P37,0_2294303196632861-DECIDE.mp4,DECIDE1,B_02_074
P37,1_2294303196632861-DECIDE.mp4,DECIDE1,B_02_074
P37,2_2294303196632861-DECIDE.mp4,DECIDE1,B_02_074
P37,3_2294303196632861-DECIDE.mp4,DECIDE1,B_02_074
P37,4_2294303196632861-DECIDE.mp4,DECIDE1,B_02_074
P37,0_3020133324062588-BREAKFAST.mp4,BREAKFAST1,J_01_053
P37,1_3020133324062588-BREAKFAST.mp4,BREAKFAST1,J_01_053
P37,2_3020133324062588-BREAKFAST.mp4,BREAKFAST1,J_01_053
P37,3_3020133324062588-BREAKFAST.mp4,BREAKFAST1,J_01_053
P37,4_3020133324062588-BREAKFAST.mp4,BREAKFAST1,J_01_053
P43,0_026269589574182683-DOG.mp4,DOG1,A_01_056
P43,1_026269589574182683-DOG.mp4,DOG1,A_01_056
P43,2_026269589574182683-DOG.mp4,DOG1,A_01_056
P43,3_026269589574182683-DOG.mp4,DOG1,A_01_056
P43,4_026269589574182683-DOG.mp4,DOG1,A_01_056
P43,0_5780599191678353-BITE.mp4,BITE1,K_02_045
P43,1_5780599191678353-BITE.mp4,BITE1,K_02_045
P43,2_5780599191678353-BITE.mp4,BITE1,K_02_045
P43,3_5780599191678353-BITE.mp4,BITE1,K_02_045
P43,4_5780599191678353-BITE.mp4,BITE1,K_02_045
P37,0_01783748895389059-MECHANIC.mp4,MECHANIC1,A_03_030
P37,1_01783748895389059-MECHANIC.mp4,MECHANIC1,A_03_030
P37,2_01783748895389059-MECHANIC.mp4,MECHANIC1,A_03_030
P37,3_01783748895389059-MECHANIC.mp4,MECHANIC1,A_03_030
P37,4_01783748895389059-MECHANIC.mp4,MECHANIC1,A_03_030
P37,0_5874541618160627-DARK.mp4,DARK1,J_03_094
P37,1_5874541618160627-DARK.mp4,DARK1,J_03_094
P37,2_5874541618160627-DARK.mp4,DARK1,J_03_094
P37,3_5874541618160627-DARK.mp4,DARK1,J_03_094
P37,4_5874541618160627-DARK.mp4,DARK1,J_03_094
P37,0_4476163900193748-PARTY.mp4,PARTY1,G_02_059
P37,1_4476163900193748-PARTY.mp4,PARTY1,G_02_059
P37,2_4476163900193748-PARTY.mp4,PARTY1,G_02_059
P37,3_4476163900193748-PARTY.mp4,PARTY1,G_02_059
P37,4_4476163900193748-PARTY.mp4,PARTY1,G_02_059
P37,0_9554537508077097-BITE.mp4,BITE1,K_02_045
P37,1_9554537508077097-BITE.mp4,BITE1,K_02_045
P37,2_9554537508077097-BITE.mp4,BITE1,K_02_045
P37,3_9554537508077097-BITE.mp4,BITE1,K_02_045
P37,4_9554537508077097-BITE.mp4,BITE1,K_02_045
P14,0_23020749118320083-MECHANIC.mp4,MECHANIC1,A_03_030
P14,1_23020749118320083-MECHANIC.mp4,MECHANIC1,A_03_030
P14,2_23020749118320083-MECHANIC.mp4,MECHANIC1,A_03_030
P14,3_23020749118320083-MECHANIC.mp4,MECHANIC1,A_03_030
P14,4_23020749118320083-MECHANIC.mp4,MECHANIC1,A_03_030
P14,0_7097143034509819-DARK.mp4,DARK1,J_03_094
P14,1_7097143034509819-DARK.mp4,DARK1,J_03_094
P14,2_7097143034509819-DARK.mp4,DARK1,J_03_094
P14,3_7097143034509819-DARK.mp4,DARK1,J_03_094
P14,4_7097143034509819-DARK.mp4,DARK1,J_03_094
P14,0_3668590903054323-PARTY.mp4,PARTY1,G_02_059
P14,1_3668590903054323-PARTY.mp4,PARTY1,G_02_059
P14,2_3668590903054323-PARTY.mp4,PARTY1,G_02_059
P14,3_3668590903054323-PARTY.mp4,PARTY1,G_02_059
P14,4_3668590903054323-PARTY.mp4,PARTY1,G_02_059
P14,0_07874158333415582-DOG.mp4,DOG1,A_01_056
P14,1_07874158333415582-DOG.mp4,DOG1,A_01_056
P14,2_07874158333415582-DOG.mp4,DOG1,A_01_056
P14,3_07874158333415582-DOG.mp4,DOG1,A_01_056
P14,4_07874158333415582-DOG.mp4,DOG1,A_01_056
P14,0_627110026160292-HURDLE-TRIP.mp4,HURDLE/TRIP1,G_01_036
P14,1_627110026160292-HURDLE-TRIP.mp4,HURDLE/TRIP1,G_01_036
P14,2_627110026160292-HURDLE-TRIP.mp4,HURDLE/TRIP1,G_01_036
P14,3_627110026160292-HURDLE-TRIP.mp4,HURDLE/TRIP1,G_01_036
P14,4_627110026160292-HURDLE-TRIP.mp4,HURDLE/TRIP1,G_01_036
P14,0_5181304306006971-PARTY.mp4,PARTY1,G_02_059
P14,1_5181304306006971-PARTY.mp4,PARTY1,G_02_059
P14,2_5181304306006971-PARTY.mp4,PARTY1,G_02_059
P14,3_5181304306006971-PARTY.mp4,PARTY1,G_02_059
P14,4_5181304306006971-PARTY.mp4,PARTY1,G_02_059
P14,0_9459473560676628-DARK.mp4,DARK1,J_03_094
P14,1_9459473560676628-DARK.mp4,DARK1,J_03_094
P14,2_9459473560676628-DARK.mp4,DARK1,J_03_094
P14,3_9459473560676628-DARK.mp4,DARK1,J_03_094
P14,4_9459473560676628-DARK.mp4,DARK1,J_03_094
P14,0_8976550946721318-DEMAND.mp4,DEMAND1,D_03_080
P14,1_8976550946721318-DEMAND.mp4,DEMAND1,D_03_080
P14,2_8976550946721318-DEMAND.mp4,DEMAND1,D_03_080
P14,3_8976550946721318-DEMAND.mp4,DEMAND1,D_03_080
P14,4_8976550946721318-DEMAND.mp4,DEMAND1,D_03_080
P36,0_09909674431836946-HURDLE-TRIP.mp4,HURDLE/TRIP1,G_01_036
P36,1_09909674431836946-HURDLE-TRIP.mp4,HURDLE/TRIP1,G_01_036
P36,2_09909674431836946-HURDLE-TRIP.mp4,HURDLE/TRIP1,G_01_036
P36,3_09909674431836946-HURDLE-TRIP.mp4,HURDLE/TRIP1,G_01_036
P36,4_09909674431836946-HURDLE-TRIP.mp4,HURDLE/TRIP1,G_01_036
P36,0_6174007229065617-PARTY.mp4,PARTY1,G_02_059
P36,1_6174007229065617-PARTY.mp4,PARTY1,G_02_059
P36,2_6174007229065617-PARTY.mp4,PARTY1,G_02_059
P36,3_6174007229065617-PARTY.mp4,PARTY1,G_02_059
P36,4_6174007229065617-PARTY.mp4,PARTY1,G_02_059
P36,0_7972540858425834-DARK.mp4,DARK1,J_03_094
P36,1_7972540858425834-DARK.mp4,DARK1,J_03_094
P36,2_7972540858425834-DARK.mp4,DARK1,J_03_094
P36,3_7972540858425834-DARK.mp4,DARK1,J_03_094
P36,4_7972540858425834-DARK.mp4,DARK1,J_03_094
P36,0_9843084094806342-DEMAND.mp4,DEMAND1,D_03_080
P36,1_9843084094806342-DEMAND.mp4,DEMAND1,D_03_080
P36,2_9843084094806342-DEMAND.mp4,DEMAND1,D_03_080
P36,3_9843084094806342-DEMAND.mp4,DEMAND1,D_03_080
P36,4_9843084094806342-DEMAND.mp4,DEMAND1,D_03_080
P43,0_8348105576996043-BITE.mp4,BITE1,K_02_045
P43,1_8348105576996043-BITE.mp4,BITE1,K_02_045
P43,2_8348105576996043-BITE.mp4,BITE1,K_02_045
P43,3_8348105576996043-BITE.mp4,BITE1,K_02_045
P43,4_8348105576996043-BITE.mp4,BITE1,K_02_045
P38,0_4076286172592669-BITE.mp4,BITE1,K_02_045
P38,1_4076286172592669-BITE.mp4,BITE1,K_02_045
P38,2_4076286172592669-BITE.mp4,BITE1,K_02_045
P38,3_4076286172592669-BITE.mp4,BITE1,K_02_045
P38,4_4076286172592669-BITE.mp4,BITE1,K_02_045
P7,0_4633823141411624-WHAT FOR.mp4,WHATFOR1,C_02_054
P7,1_4633823141411624-WHAT FOR.mp4,WHATFOR1,C_02_054
P7,2_4633823141411624-WHAT FOR.mp4,WHATFOR1,C_02_054
P7,3_4633823141411624-WHAT FOR.mp4,WHATFOR1,C_02_054
P7,4_4633823141411624-WHAT FOR.mp4,WHATFOR1,C_02_054
P7,0_5469237869711352-DARK.mp4,DARK1,J_03_094
P7,1_5469237869711352-DARK.mp4,DARK1,J_03_094
P7,2_5469237869711352-DARK.mp4,DARK1,J_03_094
P7,3_5469237869711352-DARK.mp4,DARK1,J_03_094
P7,4_5469237869711352-DARK.mp4,DARK1,J_03_094
P7,0_23465422742749942-DEMAND.mp4,DEMAND1,D_03_080
P7,1_23465422742749942-DEMAND.mp4,DEMAND1,D_03_080
P7,2_23465422742749942-DEMAND.mp4,DEMAND1,D_03_080
P7,3_23465422742749942-DEMAND.mp4,DEMAND1,D_03_080
P7,4_23465422742749942-DEMAND.mp4,DEMAND1,D_03_080
P7,0_7291327672313246-HURDLE-TRIP.mp4,HURDLE/TRIP1,G_01_036
P7,1_7291327672313246-HURDLE-TRIP.mp4,HURDLE/TRIP1,G_01_036
P7,2_7291327672313246-HURDLE-TRIP.mp4,HURDLE/TRIP1,G_01_036
P7,3_7291327672313246-HURDLE-TRIP.mp4,HURDLE/TRIP1,G_01_036
P7,4_7291327672313246-HURDLE-TRIP.mp4,HURDLE/TRIP1,G_01_036
P2,0_9413904512602245-DEMAND.mp4,DEMAND1,D_03_080
P2,1_9413904512602245-DEMAND.mp4,DEMAND1,D_03_080
P2,2_9413904512602245-DEMAND.mp4,DEMAND1,D_03_080
P2,3_9413904512602245-DEMAND.mp4,DEMAND1,D_03_080
P2,4_9413904512602245-DEMAND.mp4,DEMAND1,D_03_080
P2,0_19424238149124262-BREAKFAST.mp4,BREAKFAST1,J_01_053
P2,1_19424238149124262-BREAKFAST.mp4,BREAKFAST1,J_01_053
P2,2_19424238149124262-BREAKFAST.mp4,BREAKFAST1,J_01_053
P2,3_19424238149124262-BREAKFAST.mp4,BREAKFAST1,J_01_053
P2,4_19424238149124262-BREAKFAST.mp4,BREAKFAST1,J_01_053
P16,0_3177705074264898-DOG.mp4,DOG1,A_01_056
P16,1_3177705074264898-DOG.mp4,DOG1,A_01_056
P16,2_3177705074264898-DOG.mp4,DOG1,A_01_056
P16,3_3177705074264898-DOG.mp4,DOG1,A_01_056
P16,4_3177705074264898-DOG.mp4,DOG1,A_01_056
P16,0_7006076300113806-MECHANIC.mp4,MECHANIC1,A_03_030
P16,1_7006076300113806-MECHANIC.mp4,MECHANIC1,A_03_030
P16,2_7006076300113806-MECHANIC.mp4,MECHANIC1,A_03_030
P16,3_7006076300113806-MECHANIC.mp4,MECHANIC1,A_03_030
P16,4_7006076300113806-MECHANIC.mp4,MECHANIC1,A_03_030
P16,0_2084190780128221-DECIDE.mp4,DECIDE1,B_02_074
P16,1_2084190780128221-DECIDE.mp4,DECIDE1,B_02_074
P16,2_2084190780128221-DECIDE.mp4,DECIDE1,B_02_074
P16,3_2084190780128221-DECIDE.mp4,DECIDE1,B_02_074
P16,4_2084190780128221-DECIDE.mp4,DECIDE1,B_02_074
P16,0_28239255124319085-DEMAND.mp4,DEMAND1,D_03_080
P16,1_28239255124319085-DEMAND.mp4,DEMAND1,D_03_080
P16,2_28239255124319085-DEMAND.mp4,DEMAND1,D_03_080
P16,3_28239255124319085-DEMAND.mp4,DEMAND1,D_03_080
P16,4_28239255124319085-DEMAND.mp4,DEMAND1,D_03_080
P16,0_7664642326742872-HURDLE-TRIP.mp4,HURDLE/TRIP1,G_01_036
P16,1_7664642326742872-HURDLE-TRIP.mp4,HURDLE/TRIP1,G_01_036
P16,2_7664642326742872-HURDLE-TRIP.mp4,HURDLE/TRIP1,G_01_036
P16,3_7664642326742872-HURDLE-TRIP.mp4,HURDLE/TRIP1,G_01_036
P16,4_7664642326742872-HURDLE-TRIP.mp4,HURDLE/TRIP1,G_01_036
P16,0_662077742279779-PARTY.mp4,PARTY1,G_02_059
P16,1_662077742279779-PARTY.mp4,PARTY1,G_02_059
P16,2_662077742279779-PARTY.mp4,PARTY1,G_02_059
P16,3_662077742279779-PARTY.mp4,PARTY1,G_02_059
P16,4_662077742279779-PARTY.mp4,PARTY1,G_02_059
P16,0_28121654798077556-BREAKFAST.mp4,BREAKFAST1,J_01_053
P16,1_28121654798077556-BREAKFAST.mp4,BREAKFAST1,J_01_053
P16,2_28121654798077556-BREAKFAST.mp4,BREAKFAST1,J_01_053
P16,3_28121654798077556-BREAKFAST.mp4,BREAKFAST1,J_01_053
P16,4_28121654798077556-BREAKFAST.mp4,BREAKFAST1,J_01_053
P16,0_6057692249000468-BITE.mp4,BITE1,K_02_045
P16,1_6057692249000468-BITE.mp4,BITE1,K_02_045
P16,2_6057692249000468-BITE.mp4,BITE1,K_02_045
P16,3_6057692249000468-BITE.mp4,BITE1,K_02_045
P16,4_6057692249000468-BITE.mp4,BITE1,K_02_045
P46,0_3250233036968666-DOG.mp4,DOG1,A_01_056
P46,1_3250233036968666-DOG.mp4,DOG1,A_01_056
P46,2_3250233036968666-DOG.mp4,DOG1,A_01_056
P46,3_3250233036968666-DOG.mp4,DOG1,A_01_056
P46,4_3250233036968666-DOG.mp4,DOG1,A_01_056
P46,0_9823291320171359-HURDLE-TRIP.mp4,HURDLE/TRIP1,G_01_036
P46,1_9823291320171359-HURDLE-TRIP.mp4,HURDLE/TRIP1,G_01_036
P46,2_9823291320171359-HURDLE-TRIP.mp4,HURDLE/TRIP1,G_01_036
P46,3_9823291320171359-HURDLE-TRIP.mp4,HURDLE/TRIP1,G_01_036
P46,4_9823291320171359-HURDLE-TRIP.mp4,HURDLE/TRIP1,G_01_036
P50,0_30953548448841706-DOG.mp4,DOG1,A_01_056
P50,1_30953548448841706-DOG.mp4,DOG1,A_01_056
P50,2_30953548448841706-DOG.mp4,DOG1,A_01_056
P50,3_30953548448841706-DOG.mp4,DOG1,A_01_056
P50,4_30953548448841706-DOG.mp4,DOG1,A_01_056
P20,0_3044178349110944-MECHANIC.mp4,MECHANIC1,A_03_030
P20,1_3044178349110944-MECHANIC.mp4,MECHANIC1,A_03_030
P20,2_3044178349110944-MECHANIC.mp4,MECHANIC1,A_03_030
P20,3_3044178349110944-MECHANIC.mp4,MECHANIC1,A_03_030
P20,4_3044178349110944-MECHANIC.mp4,MECHANIC1,A_03_030
P50,0_46510007087259764-MECHANIC.mp4,MECHANIC1,A_03_030
P50,1_46510007087259764-MECHANIC.mp4,MECHANIC1,A_03_030
P50,2_46510007087259764-MECHANIC.mp4,MECHANIC1,A_03_030
P50,3_46510007087259764-MECHANIC.mp4,MECHANIC1,A_03_030
P50,4_46510007087259764-MECHANIC.mp4,MECHANIC1,A_03_030
P50,0_1357049670063133-DECIDE.mp4,DECIDE1,B_02_074
P50,1_1357049670063133-DECIDE.mp4,DECIDE1,B_02_074
P50,2_1357049670063133-DECIDE.mp4,DECIDE1,B_02_074
P50,3_1357049670063133-DECIDE.mp4,DECIDE1,B_02_074
P50,4_1357049670063133-DECIDE.mp4,DECIDE1,B_02_074
P50,0_22335744767716914-HURDLE-TRIP.mp4,HURDLE/TRIP1,G_01_036
P50,1_22335744767716914-HURDLE-TRIP.mp4,HURDLE/TRIP1,G_01_036
P50,2_22335744767716914-HURDLE-TRIP.mp4,HURDLE/TRIP1,G_01_036
P50,3_22335744767716914-HURDLE-TRIP.mp4,HURDLE/TRIP1,G_01_036
P50,4_22335744767716914-HURDLE-TRIP.mp4,HURDLE/TRIP1,G_01_036
P50,0_7930783697543875-BITE.mp4,BITE1,K_02_045
P50,1_7930783697543875-BITE.mp4,BITE1,K_02_045
P50,2_7930783697543875-BITE.mp4,BITE1,K_02_045
P50,3_7930783697543875-BITE.mp4,BITE1,K_02_045
P50,4_7930783697543875-BITE.mp4,BITE1,K_02_045
P50,0_9161417844146778-WHAT FOR.mp4,WHATFOR1,C_02_054
P50,1_9161417844146778-WHAT FOR.mp4,WHATFOR1,C_02_054
P50,2_9161417844146778-WHAT FOR.mp4,WHATFOR1,C_02_054
P50,3_9161417844146778-WHAT FOR.mp4,WHATFOR1,C_02_054
P50,4_9161417844146778-WHAT FOR.mp4,WHATFOR1,C_02_054
P50,0_12459815115793105-DEMAND.mp4,DEMAND1,D_03_080
P50,1_12459815115793105-DEMAND.mp4,DEMAND1,D_03_080
P50,2_12459815115793105-DEMAND.mp4,DEMAND1,D_03_080
P50,3_12459815115793105-DEMAND.mp4,DEMAND1,D_03_080
P50,4_12459815115793105-DEMAND.mp4,DEMAND1,D_03_080
P50,0_03026114093129073-PARTY.mp4,PARTY1,G_02_059
P50,1_03026114093129073-PARTY.mp4,PARTY1,G_02_059
P50,2_03026114093129073-PARTY.mp4,PARTY1,G_02_059
P50,3_03026114093129073-PARTY.mp4,PARTY1,G_02_059
P50,4_03026114093129073-PARTY.mp4,PARTY1,G_02_059
P50,0_7717758625736204-BREAKFAST.mp4,BREAKFAST1,J_01_053
P50,1_7717758625736204-BREAKFAST.mp4,BREAKFAST1,J_01_053
P50,2_7717758625736204-BREAKFAST.mp4,BREAKFAST1,J_01_053
P50,3_7717758625736204-BREAKFAST.mp4,BREAKFAST1,J_01_053
P50,4_7717758625736204-BREAKFAST.mp4,BREAKFAST1,J_01_053
P50,0_1784741198786004-DARK.mp4,DARK1,J_03_094
P50,1_1784741198786004-DARK.mp4,DARK1,J_03_094
P50,2_1784741198786004-DARK.mp4,DARK1,J_03_094
P50,3_1784741198786004-DARK.mp4,DARK1,J_03_094
P50,4_1784741198786004-DARK.mp4,DARK1,J_03_094
P14,0_00930662603221255-WHAT FOR.mp4,WHATFOR1,C_02_054
P14,1_00930662603221255-WHAT FOR.mp4,WHATFOR1,C_02_054
P14,2_00930662603221255-WHAT FOR.mp4,WHATFOR1,C_02_054
P14,3_00930662603221255-WHAT FOR.mp4,WHATFOR1,C_02_054
P14,4_00930662603221255-WHAT FOR.mp4,WHATFOR1,C_02_054
P14,0_5646773760707133-DECIDE.mp4,DECIDE1,B_02_074
P14,1_5646773760707133-DECIDE.mp4,DECIDE1,B_02_074
P14,2_5646773760707133-DECIDE.mp4,DECIDE1,B_02_074
P14,3_5646773760707133-DECIDE.mp4,DECIDE1,B_02_074
P14,4_5646773760707133-DECIDE.mp4,DECIDE1,B_02_074
P14,0_11620283852289393-BREAKFAST.mp4,BREAKFAST1,J_01_053
P14,1_11620283852289393-BREAKFAST.mp4,BREAKFAST1,J_01_053
P14,2_11620283852289393-BREAKFAST.mp4,BREAKFAST1,J_01_053
P14,3_11620283852289393-BREAKFAST.mp4,BREAKFAST1,J_01_053
P14,4_11620283852289393-BREAKFAST.mp4,BREAKFAST1,J_01_053
P50,0_8968665480794054-DOG.mp4,DOG1,A_01_056
P50,1_8968665480794054-DOG.mp4,DOG1,A_01_056
P50,2_8968665480794054-DOG.mp4,DOG1,A_01_056
P50,3_8968665480794054-DOG.mp4,DOG1,A_01_056
P50,4_8968665480794054-DOG.mp4,DOG1,A_01_056
P50,0_7689090634484697-HURDLE-TRIP.mp4,HURDLE/TRIP1,G_01_036
P50,1_7689090634484697-HURDLE-TRIP.mp4,HURDLE/TRIP1,G_01_036
P50,2_7689090634484697-HURDLE-TRIP.mp4,HURDLE/TRIP1,G_01_036
P50,3_7689090634484697-HURDLE-TRIP.mp4,HURDLE/TRIP1,G_01_036
P50,4_7689090634484697-HURDLE-TRIP.mp4,HURDLE/TRIP1,G_01_036
P50,0_24041930069981188-DARK.mp4,DARK1,J_03_094
P50,1_24041930069981188-DARK.mp4,DARK1,J_03_094
P50,2_24041930069981188-DARK.mp4,DARK1,J_03_094
P50,3_24041930069981188-DARK.mp4,DARK1,J_03_094
P50,4_24041930069981188-DARK.mp4,DARK1,J_03_094
P23,0_6749831982842667-HURDLE-TRIP.mp4,HURDLE/TRIP1,G_01_036
P23,1_6749831982842667-HURDLE-TRIP.mp4,HURDLE/TRIP1,G_01_036
P23,2_6749831982842667-HURDLE-TRIP.mp4,HURDLE/TRIP1,G_01_036
P23,3_6749831982842667-HURDLE-TRIP.mp4,HURDLE/TRIP1,G_01_036
P23,4_6749831982842667-HURDLE-TRIP.mp4,HURDLE/TRIP1,G_01_036
P23,0_08026755207695424-PARTY.mp4,PARTY1,G_02_059
P23,1_08026755207695424-PARTY.mp4,PARTY1,G_02_059
P23,2_08026755207695424-PARTY.mp4,PARTY1,G_02_059
P23,3_08026755207695424-PARTY.mp4,PARTY1,G_02_059
P23,4_08026755207695424-PARTY.mp4,PARTY1,G_02_059
P23,0_4421617890681646-BITE.mp4,BITE1,K_02_045
P23,1_4421617890681646-BITE.mp4,BITE1,K_02_045
P23,2_4421617890681646-BITE.mp4,BITE1,K_02_045
P23,3_4421617890681646-BITE.mp4,BITE1,K_02_045
P23,4_4421617890681646-BITE.mp4,BITE1,K_02_045
P27,0_673373289755502-BREAKFAST.mp4,BREAKFAST1,J_01_053
P27,1_673373289755502-BREAKFAST.mp4,BREAKFAST1,J_01_053
P27,2_673373289755502-BREAKFAST.mp4,BREAKFAST1,J_01_053
P27,3_673373289755502-BREAKFAST.mp4,BREAKFAST1,J_01_053
P27,4_673373289755502-BREAKFAST.mp4,BREAKFAST1,J_01_053
P10,0_7190654182684957-BREAKFAST.mp4,BREAKFAST1,J_01_053
P10,1_7190654182684957-BREAKFAST.mp4,BREAKFAST1,J_01_053
P10,2_7190654182684957-BREAKFAST.mp4,BREAKFAST1,J_01_053
P10,3_7190654182684957-BREAKFAST.mp4,BREAKFAST1,J_01_053
P10,4_7190654182684957-BREAKFAST.mp4,BREAKFAST1,J_01_053
P27,0_7523445153991293-DARK.mp4,DARK1,J_03_094
P27,1_7523445153991293-DARK.mp4,DARK1,J_03_094
P27,2_7523445153991293-DARK.mp4,DARK1,J_03_094
P27,3_7523445153991293-DARK.mp4,DARK1,J_03_094
P27,4_7523445153991293-DARK.mp4,DARK1,J_03_094
P10,0_016767219283195578-DARK.mp4,DARK1,J_03_094
P10,1_016767219283195578-DARK.mp4,DARK1,J_03_094
P10,2_016767219283195578-DARK.mp4,DARK1,J_03_094
P10,3_016767219283195578-DARK.mp4,DARK1,J_03_094
P10,4_016767219283195578-DARK.mp4,DARK1,J_03_094
P4,0_19708892618191043-DOG.mp4,DOG1,A_01_056
P4,1_19708892618191043-DOG.mp4,DOG1,A_01_056
P4,2_19708892618191043-DOG.mp4,DOG1,A_01_056
P4,3_19708892618191043-DOG.mp4,DOG1,A_01_056
P4,4_19708892618191043-DOG.mp4,DOG1,A_01_056
P4,0_46716183443978054-DECIDE.mp4,DECIDE1,B_02_074
P4,1_46716183443978054-DECIDE.mp4,DECIDE1,B_02_074
P4,2_46716183443978054-DECIDE.mp4,DECIDE1,B_02_074
P4,3_46716183443978054-DECIDE.mp4,DECIDE1,B_02_074
P4,4_46716183443978054-DECIDE.mp4,DECIDE1,B_02_074
P4,0_5731274651683624-DEMAND.mp4,DEMAND1,D_03_080
P4,1_5731274651683624-DEMAND.mp4,DEMAND1,D_03_080
P4,2_5731274651683624-DEMAND.mp4,DEMAND1,D_03_080
P4,3_5731274651683624-DEMAND.mp4,DEMAND1,D_03_080
P4,4_5731274651683624-DEMAND.mp4,DEMAND1,D_03_080
P29,0_02514324335585849-HURDLE-TRIP.mp4,HURDLE/TRIP1,G_01_036
P29,1_02514324335585849-HURDLE-TRIP.mp4,HURDLE/TRIP1,G_01_036
P29,2_02514324335585849-HURDLE-TRIP.mp4,HURDLE/TRIP1,G_01_036
P29,3_02514324335585849-HURDLE-TRIP.mp4,HURDLE/TRIP1,G_01_036
P29,4_02514324335585849-HURDLE-TRIP.mp4,HURDLE/TRIP1,G_01_036
P29,0_1920154326917336-PARTY.mp4,PARTY1,G_02_059
P29,1_1920154326917336-PARTY.mp4,PARTY1,G_02_059
P29,2_1920154326917336-PARTY.mp4,PARTY1,G_02_059
P29,3_1920154326917336-PARTY.mp4,PARTY1,G_02_059
P29,4_1920154326917336-PARTY.mp4,PARTY1,G_02_059
P29,0_9531505463969152-MECHANIC.mp4,MECHANIC1,A_03_030
P29,1_9531505463969152-MECHANIC.mp4,MECHANIC1,A_03_030
P29,2_9531505463969152-MECHANIC.mp4,MECHANIC1,A_03_030
P29,3_9531505463969152-MECHANIC.mp4,MECHANIC1,A_03_030
P29,4_9531505463969152-MECHANIC.mp4,MECHANIC1,A_03_030
P29,0_3330476518655734-DECIDE.mp4,DECIDE1,B_02_074
P29,1_3330476518655734-DECIDE.mp4,DECIDE1,B_02_074
P29,2_3330476518655734-DECIDE.mp4,DECIDE1,B_02_074
P29,3_3330476518655734-DECIDE.mp4,DECIDE1,B_02_074
P29,4_3330476518655734-DECIDE.mp4,DECIDE1,B_02_074
P30,0_6141986774022818-MECHANIC.mp4,MECHANIC1,A_03_030
P30,1_6141986774022818-MECHANIC.mp4,MECHANIC1,A_03_030
P30,2_6141986774022818-MECHANIC.mp4,MECHANIC1,A_03_030
P30,3_6141986774022818-MECHANIC.mp4,MECHANIC1,A_03_030
P30,4_6141986774022818-MECHANIC.mp4,MECHANIC1,A_03_030
P30,0_07560434947963057-DECIDE.mp4,DECIDE1,B_02_074
P30,1_07560434947963057-DECIDE.mp4,DECIDE1,B_02_074
P30,2_07560434947963057-DECIDE.mp4,DECIDE1,B_02_074
P30,3_07560434947963057-DECIDE.mp4,DECIDE1,B_02_074
P30,4_07560434947963057-DECIDE.mp4,DECIDE1,B_02_074
P30,0_34668296948798183-DEMAND.mp4,DEMAND1,D_03_080
P30,1_34668296948798183-DEMAND.mp4,DEMAND1,D_03_080
P30,2_34668296948798183-DEMAND.mp4,DEMAND1,D_03_080
P30,3_34668296948798183-DEMAND.mp4,DEMAND1,D_03_080
P30,4_34668296948798183-DEMAND.mp4,DEMAND1,D_03_080
P27,0_0809837582284374-BITE.mp4,BITE1,K_02_045
P27,1_0809837582284374-BITE.mp4,BITE1,K_02_045
P27,2_0809837582284374-BITE.mp4,BITE1,K_02_045
P27,3_0809837582284374-BITE.mp4,BITE1,K_02_045
P27,4_0809837582284374-BITE.mp4,BITE1,K_02_045
P31,0_6487978531836534-WHAT FOR.mp4,WHATFOR1,C_02_054
P31,1_6487978531836534-WHAT FOR.mp4,WHATFOR1,C_02_054
P31,2_6487978531836534-WHAT FOR.mp4,WHATFOR1,C_02_054
P31,3_6487978531836534-WHAT FOR.mp4,WHATFOR1,C_02_054
P31,4_6487978531836534-WHAT FOR.mp4,WHATFOR1,C_02_054
P31,0_5971633862957073-DOG.mp4,DOG1,A_01_056
P31,1_5971633862957073-DOG.mp4,DOG1,A_01_056
P31,2_5971633862957073-DOG.mp4,DOG1,A_01_056
P31,3_5971633862957073-DOG.mp4,DOG1,A_01_056
P31,4_5971633862957073-DOG.mp4,DOG1,A_01_056
P29,0_7058274057646567-DEMAND.mp4,DEMAND1,D_03_080
P29,1_7058274057646567-DEMAND.mp4,DEMAND1,D_03_080
P29,2_7058274057646567-DEMAND.mp4,DEMAND1,D_03_080
P29,3_7058274057646567-DEMAND.mp4,DEMAND1,D_03_080
P29,4_7058274057646567-DEMAND.mp4,DEMAND1,D_03_080
P31,0_40792529048221704-PARTY.mp4,PARTY1,G_02_059
P31,1_40792529048221704-PARTY.mp4,PARTY1,G_02_059
P31,2_40792529048221704-PARTY.mp4,PARTY1,G_02_059
P31,3_40792529048221704-PARTY.mp4,PARTY1,G_02_059
P31,4_40792529048221704-PARTY.mp4,PARTY1,G_02_059
P30,0_4044296872971618-PARTY.mp4,PARTY1,G_02_059
P30,1_4044296872971618-PARTY.mp4,PARTY1,G_02_059
P30,2_4044296872971618-PARTY.mp4,PARTY1,G_02_059
P30,3_4044296872971618-PARTY.mp4,PARTY1,G_02_059
P30,4_4044296872971618-PARTY.mp4,PARTY1,G_02_059
P31,0_49570070972691926-BITE.mp4,BITE1,K_02_045
P31,1_49570070972691926-BITE.mp4,BITE1,K_02_045
P31,2_49570070972691926-BITE.mp4,BITE1,K_02_045
P31,3_49570070972691926-BITE.mp4,BITE1,K_02_045
P31,4_49570070972691926-BITE.mp4,BITE1,K_02_045
P30,0_10681327535287743-DOG.mp4,DOG1,A_01_056
P30,1_10681327535287743-DOG.mp4,DOG1,A_01_056
P30,2_10681327535287743-DOG.mp4,DOG1,A_01_056
P30,3_10681327535287743-DOG.mp4,DOG1,A_01_056
P30,4_10681327535287743-DOG.mp4,DOG1,A_01_056
P31,0_9079367190714687-DEMAND.mp4,DEMAND1,D_03_080
P31,1_9079367190714687-DEMAND.mp4,DEMAND1,D_03_080
P31,2_9079367190714687-DEMAND.mp4,DEMAND1,D_03_080
P31,3_9079367190714687-DEMAND.mp4,DEMAND1,D_03_080
P31,4_9079367190714687-DEMAND.mp4,DEMAND1,D_03_080
P31,0_2687591574468562-HURDLE-TRIP.mp4,HURDLE/TRIP1,G_01_036
P31,1_2687591574468562-HURDLE-TRIP.mp4,HURDLE/TRIP1,G_01_036
P31,2_2687591574468562-HURDLE-TRIP.mp4,HURDLE/TRIP1,G_01_036
P31,3_2687591574468562-HURDLE-TRIP.mp4,HURDLE/TRIP1,G_01_036
P31,4_2687591574468562-HURDLE-TRIP.mp4,HURDLE/TRIP1,G_01_036
P31,0_9874048308425818-BREAKFAST.mp4,BREAKFAST1,J_01_053
P31,1_9874048308425818-BREAKFAST.mp4,BREAKFAST1,J_01_053
P31,2_9874048308425818-BREAKFAST.mp4,BREAKFAST1,J_01_053
P31,3_9874048308425818-BREAKFAST.mp4,BREAKFAST1,J_01_053
P31,4_9874048308425818-BREAKFAST.mp4,BREAKFAST1,J_01_053
P31,0_6336638422855925-DARK.mp4,DARK1,J_03_094
P31,1_6336638422855925-DARK.mp4,DARK1,J_03_094
P31,2_6336638422855925-DARK.mp4,DARK1,J_03_094
P31,3_6336638422855925-DARK.mp4,DARK1,J_03_094
P31,4_6336638422855925-DARK.mp4,DARK1,J_03_094
P29,0_6612790222940697-BREAKFAST.mp4,BREAKFAST1,J_01_053
P29,1_6612790222940697-BREAKFAST.mp4,BREAKFAST1,J_01_053
P29,2_6612790222940697-BREAKFAST.mp4,BREAKFAST1,J_01_053
P29,3_6612790222940697-BREAKFAST.mp4,BREAKFAST1,J_01_053
P29,4_6612790222940697-BREAKFAST.mp4,BREAKFAST1,J_01_053
P29,0_6802691534480552-DARK.mp4,DARK1,J_03_094
P29,1_6802691534480552-DARK.mp4,DARK1,J_03_094
P29,2_6802691534480552-DARK.mp4,DARK1,J_03_094
P29,3_6802691534480552-DARK.mp4,DARK1,J_03_094
P29,4_6802691534480552-DARK.mp4,DARK1,J_03_094
P31,0_3533518842269767-DECIDE.mp4,DECIDE1,B_02_074
P31,1_3533518842269767-DECIDE.mp4,DECIDE1,B_02_074
P31,2_3533518842269767-DECIDE.mp4,DECIDE1,B_02_074
P31,3_3533518842269767-DECIDE.mp4,DECIDE1,B_02_074
P31,4_3533518842269767-DECIDE.mp4,DECIDE1,B_02_074
P31,0_4328181527879751-MECHANIC.mp4,MECHANIC1,A_03_030
P31,1_4328181527879751-MECHANIC.mp4,MECHANIC1,A_03_030
P31,2_4328181527879751-MECHANIC.mp4,MECHANIC1,A_03_030
P31,3_4328181527879751-MECHANIC.mp4,MECHANIC1,A_03_030
P31,4_4328181527879751-MECHANIC.mp4,MECHANIC1,A_03_030
P33,0_9698494742507662-BITE.mp4,BITE1,K_02_045
P33,1_9698494742507662-BITE.mp4,BITE1,K_02_045
P33,2_9698494742507662-BITE.mp4,BITE1,K_02_045
P33,3_9698494742507662-BITE.mp4,BITE1,K_02_045
P33,4_9698494742507662-BITE.mp4,BITE1,K_02_045
P33,0_5018615351143276-WHAT FOR.mp4,WHATFOR1,C_02_054
P33,1_5018615351143276-WHAT FOR.mp4,WHATFOR1,C_02_054
P33,2_5018615351143276-WHAT FOR.mp4,WHATFOR1,C_02_054
P33,3_5018615351143276-WHAT FOR.mp4,WHATFOR1,C_02_054
P33,4_5018615351143276-WHAT FOR.mp4,WHATFOR1,C_02_054
P33,0_6099821247676596-DOG.mp4,DOG1,A_01_056
P33,1_6099821247676596-DOG.mp4,DOG1,A_01_056
P33,2_6099821247676596-DOG.mp4,DOG1,A_01_056
P33,3_6099821247676596-DOG.mp4,DOG1,A_01_056
P33,4_6099821247676596-DOG.mp4,DOG1,A_01_056
P33,0_938255370696083-DEMAND.mp4,DEMAND1,D_03_080
P33,1_938255370696083-DEMAND.mp4,DEMAND1,D_03_080
P33,2_938255370696083-DEMAND.mp4,DEMAND1,D_03_080
P33,3_938255370696083-DEMAND.mp4,DEMAND1,D_03_080
P33,4_938255370696083-DEMAND.mp4,DEMAND1,D_03_080
P33,0_9188795832270347-HURDLE-TRIP.mp4,HURDLE/TRIP1,G_01_036
P33,1_9188795832270347-HURDLE-TRIP.mp4,HURDLE/TRIP1,G_01_036
P33,2_9188795832270347-HURDLE-TRIP.mp4,HURDLE/TRIP1,G_01_036
P33,3_9188795832270347-HURDLE-TRIP.mp4,HURDLE/TRIP1,G_01_036
P33,4_9188795832270347-HURDLE-TRIP.mp4,HURDLE/TRIP1,G_01_036
P33,0_3387567228340116-PARTY.mp4,PARTY1,G_02_059
P33,1_3387567228340116-PARTY.mp4,PARTY1,G_02_059
P33,2_3387567228340116-PARTY.mp4,PARTY1,G_02_059
P33,3_3387567228340116-PARTY.mp4,PARTY1,G_02_059
P33,4_3387567228340116-PARTY.mp4,PARTY1,G_02_059
P33,0_34798344318352936-DECIDE.mp4,DECIDE1,B_02_074
P33,1_34798344318352936-DECIDE.mp4,DECIDE1,B_02_074
P33,2_34798344318352936-DECIDE.mp4,DECIDE1,B_02_074
P33,3_34798344318352936-DECIDE.mp4,DECIDE1,B_02_074
P33,4_34798344318352936-DECIDE.mp4,DECIDE1,B_02_074
P33,0_8834432953494791-BREAKFAST.mp4,BREAKFAST1,J_01_053
P33,1_8834432953494791-BREAKFAST.mp4,BREAKFAST1,J_01_053
P33,2_8834432953494791-BREAKFAST.mp4,BREAKFAST1,J_01_053
P33,3_8834432953494791-BREAKFAST.mp4,BREAKFAST1,J_01_053
P33,4_8834432953494791-BREAKFAST.mp4,BREAKFAST1,J_01_053
P33,0_35989551869392655-DARK.mp4,DARK1,J_03_094
P33,1_35989551869392655-DARK.mp4,DARK1,J_03_094
P33,2_35989551869392655-DARK.mp4,DARK1,J_03_094
P33,3_35989551869392655-DARK.mp4,DARK1,J_03_094
P33,4_35989551869392655-DARK.mp4,DARK1,J_03_094
P29,0_2296487888208607-BITE.mp4,BITE1,K_02_045
P29,1_2296487888208607-BITE.mp4,BITE1,K_02_045
P29,2_2296487888208607-BITE.mp4,BITE1,K_02_045
P29,3_2296487888208607-BITE.mp4,BITE1,K_02_045
P29,4_2296487888208607-BITE.mp4,BITE1,K_02_045
P29,0_5465905150307049-DOG.mp4,DOG1,A_01_056
P29,1_5465905150307049-DOG.mp4,DOG1,A_01_056
P29,2_5465905150307049-DOG.mp4,DOG1,A_01_056
P29,3_5465905150307049-DOG.mp4,DOG1,A_01_056
P29,4_5465905150307049-DOG.mp4,DOG1,A_01_056
P33,0_9967291464794519-MECHANIC.mp4,MECHANIC1,A_03_030
P33,1_9967291464794519-MECHANIC.mp4,MECHANIC1,A_03_030
P33,2_9967291464794519-MECHANIC.mp4,MECHANIC1,A_03_030
P33,3_9967291464794519-MECHANIC.mp4,MECHANIC1,A_03_030
P33,4_9967291464794519-MECHANIC.mp4,MECHANIC1,A_03_030
P33,0_6246993839706849-HURDLE-TRIP.mp4,HURDLE/TRIP1,G_01_036
P33,1_6246993839706849-HURDLE-TRIP.mp4,HURDLE/TRIP1,G_01_036
P33,2_6246993839706849-HURDLE-TRIP.mp4,HURDLE/TRIP1,G_01_036
P33,3_6246993839706849-HURDLE-TRIP.mp4,HURDLE/TRIP1,G_01_036
P33,4_6246993839706849-HURDLE-TRIP.mp4,HURDLE/TRIP1,G_01_036
P11,0_4417785007556263-BITE.mp4,BITE1,K_02_045
P11,1_4417785007556263-BITE.mp4,BITE1,K_02_045
P11,2_4417785007556263-BITE.mp4,BITE1,K_02_045
P11,3_4417785007556263-BITE.mp4,BITE1,K_02_045
P11,4_4417785007556263-BITE.mp4,BITE1,K_02_045
P29,0_690133837226921-WHAT FOR.mp4,WHATFOR1,C_02_054
P29,1_690133837226921-WHAT FOR.mp4,WHATFOR1,C_02_054
P29,2_690133837226921-WHAT FOR.mp4,WHATFOR1,C_02_054
P29,3_690133837226921-WHAT FOR.mp4,WHATFOR1,C_02_054
P29,4_690133837226921-WHAT FOR.mp4,WHATFOR1,C_02_054
P29,0_5658200184939948-DOG.mp4,DOG1,A_01_056
P29,1_5658200184939948-DOG.mp4,DOG1,A_01_056
P29,2_5658200184939948-DOG.mp4,DOG1,A_01_056
P29,3_5658200184939948-DOG.mp4,DOG1,A_01_056
P29,4_5658200184939948-DOG.mp4,DOG1,A_01_056
P11,0_5524708057209897-DECIDE.mp4,DECIDE1,B_02_074
P11,1_5524708057209897-DECIDE.mp4,DECIDE1,B_02_074
P11,2_5524708057209897-DECIDE.mp4,DECIDE1,B_02_074
P11,3_5524708057209897-DECIDE.mp4,DECIDE1,B_02_074
P11,4_5524708057209897-DECIDE.mp4,DECIDE1,B_02_074
P11,0_24592306415515508-DEMAND.mp4,DEMAND1,D_03_080
P11,1_24592306415515508-DEMAND.mp4,DEMAND1,D_03_080
P11,2_24592306415515508-DEMAND.mp4,DEMAND1,D_03_080
P11,3_24592306415515508-DEMAND.mp4,DEMAND1,D_03_080
P11,4_24592306415515508-DEMAND.mp4,DEMAND1,D_03_080
P11,0_6301823315233508-HURDLE-TRIP.mp4,HURDLE/TRIP1,G_01_036
P11,1_6301823315233508-HURDLE-TRIP.mp4,HURDLE/TRIP1,G_01_036
P11,2_6301823315233508-HURDLE-TRIP.mp4,HURDLE/TRIP1,G_01_036
P11,3_6301823315233508-HURDLE-TRIP.mp4,HURDLE/TRIP1,G_01_036
P11,4_6301823315233508-HURDLE-TRIP.mp4,HURDLE/TRIP1,G_01_036
P11,0_26521170494987056-PARTY.mp4,PARTY1,G_02_059
P11,1_26521170494987056-PARTY.mp4,PARTY1,G_02_059
P11,2_26521170494987056-PARTY.mp4,PARTY1,G_02_059
P11,3_26521170494987056-PARTY.mp4,PARTY1,G_02_059
P11,4_26521170494987056-PARTY.mp4,PARTY1,G_02_059
P11,0_9079761640862873-BREAKFAST.mp4,BREAKFAST1,J_01_053
P11,1_9079761640862873-BREAKFAST.mp4,BREAKFAST1,J_01_053
P11,2_9079761640862873-BREAKFAST.mp4,BREAKFAST1,J_01_053
P11,3_9079761640862873-BREAKFAST.mp4,BREAKFAST1,J_01_053
P11,4_9079761640862873-BREAKFAST.mp4,BREAKFAST1,J_01_053
P11,0_9390642066840311-DARK.mp4,DARK1,J_03_094
P11,1_9390642066840311-DARK.mp4,DARK1,J_03_094
P11,2_9390642066840311-DARK.mp4,DARK1,J_03_094
P11,3_9390642066840311-DARK.mp4,DARK1,J_03_094
P11,4_9390642066840311-DARK.mp4,DARK1,J_03_094
P11,0_9697621013006055-WHAT FOR.mp4,WHATFOR1,C_02_054
P11,1_9697621013006055-WHAT FOR.mp4,WHATFOR1,C_02_054
P11,2_9697621013006055-WHAT FOR.mp4,WHATFOR1,C_02_054
P11,3_9697621013006055-WHAT FOR.mp4,WHATFOR1,C_02_054
P11,4_9697621013006055-WHAT FOR.mp4,WHATFOR1,C_02_054
P11,0_9941614592907033-DOG.mp4,DOG1,A_01_056
P11,1_9941614592907033-DOG.mp4,DOG1,A_01_056
P11,2_9941614592907033-DOG.mp4,DOG1,A_01_056
P11,3_9941614592907033-DOG.mp4,DOG1,A_01_056
P11,4_9941614592907033-DOG.mp4,DOG1,A_01_056
P11,0_6328025695667769-MECHANIC.mp4,MECHANIC1,A_03_030
P11,1_6328025695667769-MECHANIC.mp4,MECHANIC1,A_03_030
P11,2_6328025695667769-MECHANIC.mp4,MECHANIC1,A_03_030
P11,3_6328025695667769-MECHANIC.mp4,MECHANIC1,A_03_030
P11,4_6328025695667769-MECHANIC.mp4,MECHANIC1,A_03_030
P11,0_06233162587166352-BITE.mp4,BITE1,K_02_045
P11,1_06233162587166352-BITE.mp4,BITE1,K_02_045
P11,2_06233162587166352-BITE.mp4,BITE1,K_02_045
P11,3_06233162587166352-BITE.mp4,BITE1,K_02_045
P11,4_06233162587166352-BITE.mp4,BITE1,K_02_045
P30,0_7521410930309249-BITE.mp4,BITE1,K_02_045
P30,1_7521410930309249-BITE.mp4,BITE1,K_02_045
P30,2_7521410930309249-BITE.mp4,BITE1,K_02_045
P30,3_7521410930309249-BITE.mp4,BITE1,K_02_045
P30,4_7521410930309249-BITE.mp4,BITE1,K_02_045
P51,0_6217211466514729-DECIDE.mp4,DECIDE1,B_02_074
P51,1_6217211466514729-DECIDE.mp4,DECIDE1,B_02_074
P51,2_6217211466514729-DECIDE.mp4,DECIDE1,B_02_074
P51,3_6217211466514729-DECIDE.mp4,DECIDE1,B_02_074
P51,4_6217211466514729-DECIDE.mp4,DECIDE1,B_02_074
P51,0_44313855852792283-DEMAND.mp4,DEMAND1,D_03_080
P51,1_44313855852792283-DEMAND.mp4,DEMAND1,D_03_080
P51,2_44313855852792283-DEMAND.mp4,DEMAND1,D_03_080
P51,3_44313855852792283-DEMAND.mp4,DEMAND1,D_03_080
P51,4_44313855852792283-DEMAND.mp4,DEMAND1,D_03_080
P51,0_30738464825230305-HURDLE-TRIP.mp4,HURDLE/TRIP1,G_01_036
P51,1_30738464825230305-HURDLE-TRIP.mp4,HURDLE/TRIP1,G_01_036
P51,2_30738464825230305-HURDLE-TRIP.mp4,HURDLE/TRIP1,G_01_036
P51,3_30738464825230305-HURDLE-TRIP.mp4,HURDLE/TRIP1,G_01_036
P51,4_30738464825230305-HURDLE-TRIP.mp4,HURDLE/TRIP1,G_01_036
P51,0_8911332562413585-PARTY.mp4,PARTY1,G_02_059
P51,1_8911332562413585-PARTY.mp4,PARTY1,G_02_059
P51,2_8911332562413585-PARTY.mp4,PARTY1,G_02_059
P51,3_8911332562413585-PARTY.mp4,PARTY1,G_02_059
P51,4_8911332562413585-PARTY.mp4,PARTY1,G_02_059
P27,0_82063651021682-WHAT FOR.mp4,WHATFOR1,C_02_054
P27,1_82063651021682-WHAT FOR.mp4,WHATFOR1,C_02_054
P27,2_82063651021682-WHAT FOR.mp4,WHATFOR1,C_02_054
P27,3_82063651021682-WHAT FOR.mp4,WHATFOR1,C_02_054
P27,4_82063651021682-WHAT FOR.mp4,WHATFOR1,C_02_054
P28,0_7237982608932096-WHAT FOR.mp4,WHATFOR1,C_02_054
P28,1_7237982608932096-WHAT FOR.mp4,WHATFOR1,C_02_054
P28,2_7237982608932096-WHAT FOR.mp4,WHATFOR1,C_02_054
P28,3_7237982608932096-WHAT FOR.mp4,WHATFOR1,C_02_054
P28,4_7237982608932096-WHAT FOR.mp4,WHATFOR1,C_02_054
P51,0_48007352992952-BREAKFAST.mp4,BREAKFAST1,J_01_053
P51,1_48007352992952-BREAKFAST.mp4,BREAKFAST1,J_01_053
P51,2_48007352992952-BREAKFAST.mp4,BREAKFAST1,J_01_053
P51,3_48007352992952-BREAKFAST.mp4,BREAKFAST1,J_01_053
P51,4_48007352992952-BREAKFAST.mp4,BREAKFAST1,J_01_053
P51,0_9206605871417683-DARK.mp4,DARK1,J_03_094
P51,1_9206605871417683-DARK.mp4,DARK1,J_03_094
P51,2_9206605871417683-DARK.mp4,DARK1,J_03_094
P51,3_9206605871417683-DARK.mp4,DARK1,J_03_094
P51,4_9206605871417683-DARK.mp4,DARK1,J_03_094
P27,0_9451130688097962-DECIDE.mp4,DECIDE1,B_02_074
P27,1_9451130688097962-DECIDE.mp4,DECIDE1,B_02_074
P27,2_9451130688097962-DECIDE.mp4,DECIDE1,B_02_074
P27,3_9451130688097962-DECIDE.mp4,DECIDE1,B_02_074
P27,4_9451130688097962-DECIDE.mp4,DECIDE1,B_02_074
P27,0_635034042192421-DOG.mp4,DOG1,A_01_056
P27,1_635034042192421-DOG.mp4,DOG1,A_01_056
P27,2_635034042192421-DOG.mp4,DOG1,A_01_056
P27,3_635034042192421-DOG.mp4,DOG1,A_01_056
P27,4_635034042192421-DOG.mp4,DOG1,A_01_056
P27,0_17852423092027392-MECHANIC.mp4,MECHANIC1,A_03_030
P27,1_17852423092027392-MECHANIC.mp4,MECHANIC1,A_03_030
P27,2_17852423092027392-MECHANIC.mp4,MECHANIC1,A_03_030
P27,3_17852423092027392-MECHANIC.mp4,MECHANIC1,A_03_030
P27,4_17852423092027392-MECHANIC.mp4,MECHANIC1,A_03_030
P27,0_2015416430284751-DEMAND.mp4,DEMAND1,D_03_080
P27,1_2015416430284751-DEMAND.mp4,DEMAND1,D_03_080
P27,2_2015416430284751-DEMAND.mp4,DEMAND1,D_03_080
P27,3_2015416430284751-DEMAND.mp4,DEMAND1,D_03_080
P27,4_2015416430284751-DEMAND.mp4,DEMAND1,D_03_080
P27,0_7032362464915427-HURDLE-TRIP.mp4,HURDLE/TRIP1,G_01_036
P27,1_7032362464915427-HURDLE-TRIP.mp4,HURDLE/TRIP1,G_01_036
P27,2_7032362464915427-HURDLE-TRIP.mp4,HURDLE/TRIP1,G_01_036
P27,3_7032362464915427-HURDLE-TRIP.mp4,HURDLE/TRIP1,G_01_036
P27,4_7032362464915427-HURDLE-TRIP.mp4,HURDLE/TRIP1,G_01_036
P27,0_11071918787667867-PARTY.mp4,PARTY1,G_02_059
P27,1_11071918787667867-PARTY.mp4,PARTY1,G_02_059
P27,2_11071918787667867-PARTY.mp4,PARTY1,G_02_059
P27,3_11071918787667867-PARTY.mp4,PARTY1,G_02_059
P27,4_11071918787667867-PARTY.mp4,PARTY1,G_02_059
P30,0_6812813050541653-WHAT FOR.mp4,WHATFOR1,C_02_054
P30,1_6812813050541653-WHAT FOR.mp4,WHATFOR1,C_02_054
P30,2_6812813050541653-WHAT FOR.mp4,WHATFOR1,C_02_054
P30,3_6812813050541653-WHAT FOR.mp4,WHATFOR1,C_02_054
P30,4_6812813050541653-WHAT FOR.mp4,WHATFOR1,C_02_054
P30,0_2705349961309489-HURDLE-TRIP.mp4,HURDLE/TRIP1,G_01_036
P30,1_2705349961309489-HURDLE-TRIP.mp4,HURDLE/TRIP1,G_01_036
P30,2_2705349961309489-HURDLE-TRIP.mp4,HURDLE/TRIP1,G_01_036
P30,3_2705349961309489-HURDLE-TRIP.mp4,HURDLE/TRIP1,G_01_036
P30,4_2705349961309489-HURDLE-TRIP.mp4,HURDLE/TRIP1,G_01_036
P14,0_7219831406702091-MECHANIC.mp4,MECHANIC1,A_03_030
P14,1_7219831406702091-MECHANIC.mp4,MECHANIC1,A_03_030
P14,2_7219831406702091-MECHANIC.mp4,MECHANIC1,A_03_030
P14,3_7219831406702091-MECHANIC.mp4,MECHANIC1,A_03_030
P14,4_7219831406702091-MECHANIC.mp4,MECHANIC1,A_03_030
P52,0_06420577246436587-seedWHAT FOR.mp4,WHATFOR1,C_02_054
P52,1_06420577246436587-seedWHAT FOR.mp4,WHATFOR1,C_02_054
P52,2_06420577246436587-seedWHAT FOR.mp4,WHATFOR1,C_02_054
P52,3_06420577246436587-seedWHAT FOR.mp4,WHATFOR1,C_02_054
P52,4_06420577246436587-seedWHAT FOR.mp4,WHATFOR1,C_02_054
P52,0_07147588203074418-seedDOG.mp4,DOG1,A_01_056
P52,1_07147588203074418-seedDOG.mp4,DOG1,A_01_056
P52,2_07147588203074418-seedDOG.mp4,DOG1,A_01_056
P52,3_07147588203074418-seedDOG.mp4,DOG1,A_01_056
P52,4_07147588203074418-seedDOG.mp4,DOG1,A_01_056
P52,0_9585084843836347-seedMECHANIC.mp4,MECHANIC1,A_03_030
P52,1_9585084843836347-seedMECHANIC.mp4,MECHANIC1,A_03_030
P52,2_9585084843836347-seedMECHANIC.mp4,MECHANIC1,A_03_030
P52,3_9585084843836347-seedMECHANIC.mp4,MECHANIC1,A_03_030
P52,4_9585084843836347-seedMECHANIC.mp4,MECHANIC1,A_03_030
P52,0_7176496996122961-seedDECIDE.mp4,DECIDE1,B_02_074
P52,1_7176496996122961-seedDECIDE.mp4,DECIDE1,B_02_074
P52,2_7176496996122961-seedDECIDE.mp4,DECIDE1,B_02_074
P52,3_7176496996122961-seedDECIDE.mp4,DECIDE1,B_02_074
P52,4_7176496996122961-seedDECIDE.mp4,DECIDE1,B_02_074
P52,0_0339499353548296-seedDEMAND.mp4,DEMAND1,D_03_080
P52,1_0339499353548296-seedDEMAND.mp4,DEMAND1,D_03_080
P52,2_0339499353548296-seedDEMAND.mp4,DEMAND1,D_03_080
P52,3_0339499353548296-seedDEMAND.mp4,DEMAND1,D_03_080
P52,4_0339499353548296-seedDEMAND.mp4,DEMAND1,D_03_080
P52,0_17320386407822008-seedHURDLE-TRIP.mp4,HURDLE/TRIP1,G_01_036
P52,1_17320386407822008-seedHURDLE-TRIP.mp4,HURDLE/TRIP1,G_01_036
P52,2_17320386407822008-seedHURDLE-TRIP.mp4,HURDLE/TRIP1,G_01_036
P52,3_17320386407822008-seedHURDLE-TRIP.mp4,HURDLE/TRIP1,G_01_036
P52,4_17320386407822008-seedHURDLE-TRIP.mp4,HURDLE/TRIP1,G_01_036
P52,0_11778385591447016-seedPARTY.mp4,PARTY1,G_02_059
P52,1_11778385591447016-seedPARTY.mp4,PARTY1,G_02_059
P52,2_11778385591447016-seedPARTY.mp4,PARTY1,G_02_059
P52,3_11778385591447016-seedPARTY.mp4,PARTY1,G_02_059
P52,4_11778385591447016-seedPARTY.mp4,PARTY1,G_02_059
P52,0_46759546883406-seedBREAKFAST.mp4,BREAKFAST1,J_01_053
P52,1_46759546883406-seedBREAKFAST.mp4,BREAKFAST1,J_01_053
P52,2_46759546883406-seedBREAKFAST.mp4,BREAKFAST1,J_01_053
P52,3_46759546883406-seedBREAKFAST.mp4,BREAKFAST1,J_01_053
P52,4_46759546883406-seedBREAKFAST.mp4,BREAKFAST1,J_01_053
P52,0_4883631321850692-seedDARK.mp4,DARK1,J_03_094
P52,1_4883631321850692-seedDARK.mp4,DARK1,J_03_094
P52,2_4883631321850692-seedDARK.mp4,DARK1,J_03_094
P52,3_4883631321850692-seedDARK.mp4,DARK1,J_03_094
P52,4_4883631321850692-seedDARK.mp4,DARK1,J_03_094
P52,0_11394574978746519-seedBITE.mp4,BITE1,K_02_045
P52,1_11394574978746519-seedBITE.mp4,BITE1,K_02_045
P52,2_11394574978746519-seedBITE.mp4,BITE1,K_02_045
P52,3_11394574978746519-seedBITE.mp4,BITE1,K_02_045
P52,4_11394574978746519-seedBITE.mp4,BITE1,K_02_045
